"","mp.description","P.VALUE","Adjusted.P.value"
"1","embryo phenotype","0.0472141299275181",0.295088312046988
"2","cardiovascular system phenotype","0.00269902163586678",0.0674755408966695
"3","growth/size/body region phenotype","0.014631444843432",0.1219287070286
"4","liver/biliary system phenotype","0.0103818723481087",0.1219287070286
